{"v":"4.8.0","meta":{"g":"LottieFiles AE 1.0.0","a":"Sadjad","k":"none","d":"Lettering Learn type","tc":"none"},"fr":30,"ip":0,"op":122,"w":450,"h":280,"nm":"Learn","ddd":0,"assets":[],"layers":[{"ddd":0,"ind":1,"ty":3,"nm":"Null 1","sr":1,"ks":{"o":{"a":0,"k":0,"ix":11},"r":{"a":0,"k":0,"ix":10},"p":{"a":0,"k":[225,141,0],"ix":2},"a":{"a":0,"k":[0,0,0],"ix":1},"s":{"a":0,"k":[69,69,100],"ix":6}},"ao":0,"ip":0,"op":301,"st":0,"bm":0},{"ddd":0,"ind":2,"ty":4,"nm":"FX","parent":1,"sr":1,"ks":{"o":{"a":1,"k":[{"i":{"x":[0.833],"y":[1]},"o":{"x":[0.167],"y":[0]},"t":0,"s":[0]},{"i":{"x":[0.29],"y":[1]},"o":{"x":[0.167],"y":[0]},"t":7,"s":[100]},{"i":{"x":[0.29],"y":[1]},"o":{"x":[0.71],"y":[0]},"t":103,"s":[100]},{"t":110,"s":[0]}],"ix":11},"r":{"a":0,"k":0,"ix":10},"p":{"a":1,"k":[{"i":{"x":0.32,"y":1},"o":{"x":0.68,"y":0},"t":0,"s":[-261.784,12.378,0],"to":[1.441,-61.205,0],"ti":[-57.777,1.441,0]},{"i":{"x":0.32,"y":1},"o":{"x":0.68,"y":0},"t":12,"s":[-202.091,-173.467,0],"to":[58.869,-1.468,0],"ti":[-1.228,-46.43,0]},{"i":{"x":0.32,"y":1},"o":{"x":0.68,"y":0},"t":25,"s":[-131.034,-58.622,0],"to":[0.726,27.438,0],"ti":[-47.25,-0.25,0]},{"i":{"x":0.32,"y":1},"o":{"x":0.68,"y":0},"t":38,"s":[-90.534,-164.872,0],"to":[38.75,0.25,0],"ti":[-1.25,-0.833,0]},{"i":{"x":0.32,"y":1},"o":{"x":0.68,"y":0},"t":48,"s":[-56.034,-38.872,0],"to":[1.25,0.833,0],"ti":[-38.25,0.75,0]},{"i":{"x":0.32,"y":1},"o":{"x":0.68,"y":0},"t":57.204,"s":[-31.034,-162.872,0],"to":[38.25,-0.75,0],"ti":[-1,-0.917,0]},{"i":{"x":0.32,"y":1},"o":{"x":0.68,"y":0},"t":66.068,"s":[3.966,-38.872,0],"to":[1,0.917,0],"ti":[-29.25,-0.75,0]},{"i":{"x":0.32,"y":1},"o":{"x":0.68,"y":0},"t":73,"s":[22.966,-156.872,0],"to":[29.25,0.75,0],"ti":[-2.5,-3.917,0]},{"i":{"x":0.32,"y":1},"o":{"x":0.68,"y":0},"t":79.034,"s":[41.466,-37.872,0],"to":[2.5,3.917,0],"ti":[-35.25,-0.75,0]},{"i":{"x":0.32,"y":1},"o":{"x":0.68,"y":0},"t":86,"s":[72.466,-154.372,0],"to":[35.25,0.75,0],"ti":[-2.75,-4,0]},{"i":{"x":0.32,"y":1},"o":{"x":0.68,"y":0},"t":92,"s":[101.966,-38.372,0],"to":[2.75,4,0],"ti":[-78.75,-3.75,0]},{"i":{"x":0.32,"y":1},"o":{"x":0.68,"y":0},"t":102,"s":[174.466,-162.372,0],"to":[78.75,3.75,0],"ti":[-0.75,-0.083,0]},{"t":114,"s":[238.966,12.378,0]}],"ix":2},"a":{"a":0,"k":[-460,-12,0],"ix":1},"s":{"a":0,"k":[100,100,100],"ix":6}},"ao":0,"shapes":[{"ty":"gr","it":[{"d":1,"ty":"el","s":{"a":0,"k":[20,20],"ix":2},"p":{"a":0,"k":[0,0],"ix":3},"nm":"Ellipse Path 1","mn":"ADBE Vector Shape - Ellipse","hd":false},{"ty":"fl","c":{"a":0,"k":[0.282352911257,0.570122273763,1,1],"ix":4},"o":{"a":0,"k":100,"ix":5},"r":1,"bm":0,"nm":"Fill 1","mn":"ADBE Vector Graphic - Fill","hd":false},{"ty":"tr","p":{"a":0,"k":[-460,-12],"ix":2},"a":{"a":0,"k":[0,0],"ix":1},"s":{"a":0,"k":[100,100],"ix":3},"r":{"a":0,"k":0,"ix":6},"o":{"a":0,"k":100,"ix":7},"sk":{"a":0,"k":0,"ix":4},"sa":{"a":0,"k":0,"ix":5},"nm":"Transform"}],"nm":"Ellipse 1","np":3,"cix":2,"bm":0,"ix":1,"mn":"ADBE Vector Group","hd":false}],"ip":0,"op":301,"st":0,"bm":0},{"ddd":0,"ind":3,"ty":4,"nm":"FX 2","parent":1,"sr":1,"ks":{"o":{"a":1,"k":[{"i":{"x":[0.833],"y":[1]},"o":{"x":[0.167],"y":[0]},"t":0,"s":[0]},{"i":{"x":[0.29],"y":[1]},"o":{"x":[0.167],"y":[0]},"t":7,"s":[100]},{"i":{"x":[0.29],"y":[1]},"o":{"x":[0.71],"y":[0]},"t":103,"s":[100]},{"t":110,"s":[0]}],"ix":11},"r":{"a":0,"k":0,"ix":10},"p":{"a":0,"k":[-261.284,11.878,0],"ix":2},"a":{"a":0,"k":[-434,19.5,0],"ix":1},"s":{"a":0,"k":[100,100,100],"ix":6}},"ao":0,"shapes":[{"ty":"gr","it":[{"ind":0,"ty":"sh","ix":1,"ks":{"a":0,"k":{"i":[[0,0],[-72.078,1.037],[0,0],[-40,-3.5],[0,0],[-48.948,-7.832],[0,0],[-26.159,6.183],[0,0],[-33,7.5],[0,0],[-77.5,0.5],[3.5,-84.5]],"o":[[0,0],[69.5,-1],[0,0],[40,3.5],[0,0],[25,4],[0,0],[27.5,-6.5],[0,0],[24.519,-5.573],[0,0],[42.999,-0.277],[-1.593,38.467]],"v":[[-434,19.5],[-373,-167],[-303,-51.5],[-262.5,-159],[-228.5,-31.5],[-196.5,-155.5],[-169.5,-31],[-150,-151],[-132,-30],[-99.5,-149.5],[-70,-30.5],[2.5,-157],[67,-7.5]],"c":false},"ix":2},"nm":"Path 1","mn":"ADBE Vector Shape - Group","hd":false},{"ty":"st","c":{"a":0,"k":[0.147635515998,0.465051718319,0.941176470588,1],"ix":3},"o":{"a":0,"k":100,"ix":4},"w":{"a":0,"k":10,"ix":5},"lc":1,"lj":1,"ml":4,"bm":0,"nm":"Stroke 1","mn":"ADBE Vector Graphic - Stroke","hd":false},{"ty":"tr","p":{"a":0,"k":[0,0],"ix":2},"a":{"a":0,"k":[0,0],"ix":1},"s":{"a":0,"k":[100,100],"ix":3},"r":{"a":0,"k":0,"ix":6},"o":{"a":0,"k":100,"ix":7},"sk":{"a":0,"k":0,"ix":4},"sa":{"a":0,"k":0,"ix":5},"nm":"Transform"}],"nm":"Shape 1","np":3,"cix":2,"bm":0,"ix":1,"mn":"ADBE Vector Group","hd":false},{"ty":"tm","s":{"a":1,"k":[{"i":{"x":[0.3],"y":[1]},"o":{"x":[0.7],"y":[0]},"t":0,"s":[0]},{"i":{"x":[0.3],"y":[1]},"o":{"x":[0.7],"y":[0]},"t":12,"s":[7]},{"i":{"x":[0.3],"y":[1]},"o":{"x":[0.7],"y":[0]},"t":25,"s":[16]},{"i":{"x":[0.3],"y":[1]},"o":{"x":[0.7],"y":[0]},"t":38,"s":[23]},{"i":{"x":[0.3],"y":[1]},"o":{"x":[0.7],"y":[0]},"t":48,"s":[28]},{"i":{"x":[0.3],"y":[1]},"o":{"x":[0.7],"y":[0]},"t":57,"s":[36]},{"i":{"x":[0.3],"y":[1]},"o":{"x":[0.7],"y":[0]},"t":66,"s":[46]},{"i":{"x":[0.3],"y":[1]},"o":{"x":[0.7],"y":[0]},"t":73,"s":[51]},{"i":{"x":[0.3],"y":[1]},"o":{"x":[0.7],"y":[0]},"t":79,"s":[59]},{"i":{"x":[0.3],"y":[1]},"o":{"x":[0.7],"y":[0]},"t":86,"s":[65]},{"i":{"x":[0.3],"y":[1]},"o":{"x":[0.7],"y":[0]},"t":92,"s":[72]},{"i":{"x":[0.3],"y":[1]},"o":{"x":[0.7],"y":[0]},"t":102,"s":[82]},{"t":113,"s":[100]}],"ix":1},"e":{"a":1,"k":[{"i":{"x":[0.3],"y":[1]},"o":{"x":[0.7],"y":[0]},"t":0,"s":[0]},{"i":{"x":[0.3],"y":[1]},"o":{"x":[0.7],"y":[0]},"t":12,"s":[12]},{"i":{"x":[0.3],"y":[1]},"o":{"x":[0.7],"y":[0]},"t":25,"s":[21]},{"i":{"x":[0.3],"y":[1]},"o":{"x":[0.7],"y":[0]},"t":38,"s":[28]},{"i":{"x":[0.3],"y":[1]},"o":{"x":[0.7],"y":[0]},"t":48,"s":[36]},{"i":{"x":[0.3],"y":[1]},"o":{"x":[0.7],"y":[0]},"t":57,"s":[43.5]},{"i":{"x":[0.3],"y":[1]},"o":{"x":[0.7],"y":[0]},"t":66,"s":[51.5]},{"i":{"x":[0.3],"y":[1]},"o":{"x":[0.7],"y":[0]},"t":73,"s":[58.5]},{"i":{"x":[0.3],"y":[1]},"o":{"x":[0.7],"y":[0]},"t":79,"s":[66.5]},{"i":{"x":[0.3],"y":[1]},"o":{"x":[0.7],"y":[0]},"t":86,"s":[73.2]},{"i":{"x":[0.3],"y":[1]},"o":{"x":[0.7],"y":[0]},"t":92,"s":[81]},{"i":{"x":[0.3],"y":[1]},"o":{"x":[0.7],"y":[0]},"t":102,"s":[89.8]},{"t":113,"s":[100]}],"ix":2},"o":{"a":0,"k":0,"ix":3},"m":1,"ix":2,"nm":"Trim Paths 1","mn":"ADBE Vector Filter - Trim","hd":false}],"ip":0,"op":301,"st":0,"bm":0},{"ddd":0,"ind":4,"ty":4,"nm":"FX 3","sr":1,"ks":{"o":{"a":1,"k":[{"i":{"x":[0.833],"y":[1]},"o":{"x":[0.167],"y":[0]},"t":12,"s":[0]},{"i":{"x":[0.29],"y":[1]},"o":{"x":[0.167],"y":[0]},"t":18.753,"s":[100]},{"i":{"x":[0.29],"y":[1]},"o":{"x":[0.71],"y":[0]},"t":107.964,"s":[100]},{"t":114.716796875,"s":[0]}],"ix":11},"r":{"a":0,"k":0,"ix":10},"p":{"a":0,"k":[44.214,149.196,0],"ix":2},"a":{"a":0,"k":[-434,19.5,0],"ix":1},"s":{"a":0,"k":[69,69,100],"ix":6}},"ao":0,"shapes":[{"ty":"gr","it":[{"ind":0,"ty":"sh","ix":1,"ks":{"a":0,"k":{"i":[[0,0],[-72.078,1.037],[0,0],[-40,-3.5],[0,0],[-48.948,-7.832],[0,0],[-26.159,6.183],[0,0],[-33,7.5],[0,0],[-77.5,0.5],[3.5,-84.5]],"o":[[0,0],[69.5,-1],[0,0],[40,3.5],[0,0],[25,4],[0,0],[27.5,-6.5],[0,0],[24.519,-5.573],[0,0],[42.999,-0.277],[-1.593,38.467]],"v":[[-434,19.5],[-373,-167],[-303,-51.5],[-262.5,-159],[-228.5,-31.5],[-196.5,-155.5],[-169.5,-31],[-150,-151],[-132,-30],[-99.5,-149.5],[-70,-30.5],[2.5,-157],[67,-7.5]],"c":false},"ix":2},"nm":"Path 1","mn":"ADBE Vector Shape - Group","hd":false},{"ty":"st","c":{"a":0,"k":[0,0,0,1],"ix":3},"o":{"a":0,"k":100,"ix":4},"w":{"a":0,"k":10,"ix":5},"lc":1,"lj":1,"ml":4,"bm":0,"nm":"Stroke 1","mn":"ADBE Vector Graphic - Stroke","hd":false},{"ty":"tr","p":{"a":0,"k":[0,0],"ix":2},"a":{"a":0,"k":[0,0],"ix":1},"s":{"a":0,"k":[100,100],"ix":3},"r":{"a":0,"k":0,"ix":6},"o":{"a":0,"k":100,"ix":7},"sk":{"a":0,"k":0,"ix":4},"sa":{"a":0,"k":0,"ix":5},"nm":"Transform"}],"nm":"Shape 1","np":3,"cix":2,"bm":0,"ix":1,"mn":"ADBE Vector Group","hd":false},{"ty":"tm","s":{"a":1,"k":[{"i":{"x":[0.3],"y":[1]},"o":{"x":[0.7],"y":[0]},"t":12,"s":[0]},{"i":{"x":[0.3],"y":[1]},"o":{"x":[0.7],"y":[0]},"t":23.574,"s":[7]},{"i":{"x":[0.3],"y":[1]},"o":{"x":[0.7],"y":[0]},"t":36.114,"s":[16]},{"i":{"x":[0.3],"y":[1]},"o":{"x":[0.7],"y":[0]},"t":48.655,"s":[23]},{"i":{"x":[0.3],"y":[1]},"o":{"x":[0.7],"y":[0]},"t":58.301,"s":[28]},{"i":{"x":[0.3],"y":[1]},"o":{"x":[0.7],"y":[0]},"t":66.982,"s":[36]},{"i":{"x":[0.3],"y":[1]},"o":{"x":[0.7],"y":[0]},"t":75.664,"s":[46]},{"i":{"x":[0.3],"y":[1]},"o":{"x":[0.7],"y":[0]},"t":82.416,"s":[51]},{"i":{"x":[0.3],"y":[1]},"o":{"x":[0.7],"y":[0]},"t":88.203,"s":[59]},{"i":{"x":[0.3],"y":[1]},"o":{"x":[0.7],"y":[0]},"t":94.956,"s":[65]},{"i":{"x":[0.3],"y":[1]},"o":{"x":[0.7],"y":[0]},"t":100.743,"s":[72]},{"i":{"x":[0.3],"y":[1]},"o":{"x":[0.7],"y":[0]},"t":107,"s":[82]},{"t":117.6103515625,"s":[100]}],"ix":1},"e":{"a":1,"k":[{"i":{"x":[0.3],"y":[1]},"o":{"x":[0.7],"y":[0]},"t":12,"s":[0]},{"i":{"x":[0.3],"y":[1]},"o":{"x":[0.7],"y":[0]},"t":23.574,"s":[12]},{"i":{"x":[0.3],"y":[1]},"o":{"x":[0.7],"y":[0]},"t":36.114,"s":[21]},{"i":{"x":[0.3],"y":[1]},"o":{"x":[0.7],"y":[0]},"t":48.655,"s":[28]},{"i":{"x":[0.3],"y":[1]},"o":{"x":[0.7],"y":[0]},"t":58.301,"s":[36]},{"i":{"x":[0.3],"y":[1]},"o":{"x":[0.7],"y":[0]},"t":66.982,"s":[43.5]},{"i":{"x":[0.3],"y":[1]},"o":{"x":[0.7],"y":[0]},"t":75.664,"s":[51.5]},{"i":{"x":[0.3],"y":[1]},"o":{"x":[0.7],"y":[0]},"t":82.416,"s":[58.5]},{"i":{"x":[0.3],"y":[1]},"o":{"x":[0.7],"y":[0]},"t":88.203,"s":[66.5]},{"i":{"x":[0.3],"y":[1]},"o":{"x":[0.7],"y":[0]},"t":94.956,"s":[73.2]},{"i":{"x":[0.3],"y":[1]},"o":{"x":[0.7],"y":[0]},"t":100.743,"s":[81]},{"i":{"x":[0.3],"y":[1]},"o":{"x":[0.7],"y":[0]},"t":107,"s":[89.8]},{"t":117.6103515625,"s":[100]}],"ix":2},"o":{"a":0,"k":0,"ix":3},"m":1,"ix":2,"nm":"Trim Paths 1","mn":"ADBE Vector Filter - Trim","hd":false}],"ip":12,"op":313,"st":12,"bm":0},{"ddd":0,"ind":5,"ty":4,"nm":"FX","sr":1,"ks":{"o":{"a":1,"k":[{"i":{"x":[0.833],"y":[1]},"o":{"x":[0.167],"y":[0]},"t":18,"s":[0]},{"i":{"x":[0.29],"y":[1]},"o":{"x":[0.167],"y":[0]},"t":24.753,"s":[100]},{"i":{"x":[0.29],"y":[1]},"o":{"x":[0.71],"y":[0]},"t":113.964,"s":[100]},{"t":120.716796875,"s":[0]}],"ix":11},"r":{"a":0,"k":0,"ix":10},"p":{"a":0,"k":[44.214,149.196,0],"ix":2},"a":{"a":0,"k":[-434,19.5,0],"ix":1},"s":{"a":0,"k":[69,69,100],"ix":6}},"ao":0,"shapes":[{"ty":"gr","it":[{"ind":0,"ty":"sh","ix":1,"ks":{"a":0,"k":{"i":[[0,0],[-72.078,1.037],[0,0],[-40,-3.5],[0,0],[-48.948,-7.832],[0,0],[-26.159,6.183],[0,0],[-33,7.5],[0,0],[-77.5,0.5],[3.5,-84.5]],"o":[[0,0],[69.5,-1],[0,0],[40,3.5],[0,0],[25,4],[0,0],[27.5,-6.5],[0,0],[24.519,-5.573],[0,0],[42.999,-0.277],[-1.593,38.467]],"v":[[-434,19.5],[-373,-167],[-303,-51.5],[-262.5,-159],[-228.5,-31.5],[-196.5,-155.5],[-169.5,-31],[-150,-151],[-132,-30],[-99.5,-149.5],[-70,-30.5],[2.5,-157],[67,-7.5]],"c":false},"ix":2},"nm":"Path 1","mn":"ADBE Vector Shape - Group","hd":false},{"ty":"st","c":{"a":0,"k":[0.392156862745,0.392156862745,0.392156862745,1],"ix":3},"o":{"a":0,"k":100,"ix":4},"w":{"a":0,"k":10,"ix":5},"lc":1,"lj":1,"ml":4,"bm":0,"nm":"Stroke 1","mn":"ADBE Vector Graphic - Stroke","hd":false},{"ty":"tr","p":{"a":0,"k":[0,0],"ix":2},"a":{"a":0,"k":[0,0],"ix":1},"s":{"a":0,"k":[100,100],"ix":3},"r":{"a":0,"k":0,"ix":6},"o":{"a":0,"k":100,"ix":7},"sk":{"a":0,"k":0,"ix":4},"sa":{"a":0,"k":0,"ix":5},"nm":"Transform"}],"nm":"Shape 1","np":3,"cix":2,"bm":0,"ix":1,"mn":"ADBE Vector Group","hd":false},{"ty":"tm","s":{"a":1,"k":[{"i":{"x":[0.3],"y":[1]},"o":{"x":[0.7],"y":[0]},"t":18,"s":[0]},{"i":{"x":[0.3],"y":[1]},"o":{"x":[0.7],"y":[0]},"t":29.574,"s":[7]},{"i":{"x":[0.3],"y":[1]},"o":{"x":[0.7],"y":[0]},"t":42.114,"s":[16]},{"i":{"x":[0.3],"y":[1]},"o":{"x":[0.7],"y":[0]},"t":54.655,"s":[23]},{"i":{"x":[0.3],"y":[1]},"o":{"x":[0.7],"y":[0]},"t":64.301,"s":[28]},{"i":{"x":[0.3],"y":[1]},"o":{"x":[0.7],"y":[0]},"t":72.982,"s":[36]},{"i":{"x":[0.3],"y":[1]},"o":{"x":[0.7],"y":[0]},"t":81.664,"s":[46]},{"i":{"x":[0.3],"y":[1]},"o":{"x":[0.7],"y":[0]},"t":88.416,"s":[51]},{"i":{"x":[0.3],"y":[1]},"o":{"x":[0.7],"y":[0]},"t":94.203,"s":[59]},{"i":{"x":[0.3],"y":[1]},"o":{"x":[0.7],"y":[0]},"t":100.956,"s":[65]},{"i":{"x":[0.3],"y":[1]},"o":{"x":[0.7],"y":[0]},"t":106.743,"s":[72]},{"i":{"x":[0.3],"y":[1]},"o":{"x":[0.7],"y":[0]},"t":113,"s":[82]},{"t":123.6103515625,"s":[100]}],"ix":1},"e":{"a":1,"k":[{"i":{"x":[0.3],"y":[1]},"o":{"x":[0.7],"y":[0]},"t":18,"s":[0]},{"i":{"x":[0.3],"y":[1]},"o":{"x":[0.7],"y":[0]},"t":29.574,"s":[12]},{"i":{"x":[0.3],"y":[1]},"o":{"x":[0.7],"y":[0]},"t":42.114,"s":[21]},{"i":{"x":[0.3],"y":[1]},"o":{"x":[0.7],"y":[0]},"t":54.655,"s":[28]},{"i":{"x":[0.3],"y":[1]},"o":{"x":[0.7],"y":[0]},"t":64.301,"s":[36]},{"i":{"x":[0.3],"y":[1]},"o":{"x":[0.7],"y":[0]},"t":72.982,"s":[43.5]},{"i":{"x":[0.3],"y":[1]},"o":{"x":[0.7],"y":[0]},"t":81.664,"s":[51.5]},{"i":{"x":[0.3],"y":[1]},"o":{"x":[0.7],"y":[0]},"t":88.416,"s":[58.5]},{"i":{"x":[0.3],"y":[1]},"o":{"x":[0.7],"y":[0]},"t":94.203,"s":[66.5]},{"i":{"x":[0.3],"y":[1]},"o":{"x":[0.7],"y":[0]},"t":100.956,"s":[73.2]},{"i":{"x":[0.3],"y":[1]},"o":{"x":[0.7],"y":[0]},"t":106.743,"s":[81]},{"i":{"x":[0.3],"y":[1]},"o":{"x":[0.7],"y":[0]},"t":113,"s":[89.8]},{"t":123.6103515625,"s":[100]}],"ix":2},"o":{"a":0,"k":0,"ix":3},"m":1,"ix":2,"nm":"Trim Paths 1","mn":"ADBE Vector Filter - Trim","hd":false}],"ip":18,"op":319,"st":18,"bm":0},{"ddd":0,"ind":6,"ty":3,"nm":"Null 2","sr":1,"ks":{"o":{"a":0,"k":0,"ix":11},"r":{"a":0,"k":0,"ix":10},"p":{"a":1,"k":[{"i":{"x":0.29,"y":1},"o":{"x":0.71,"y":0},"t":25,"s":[225,140,0],"to":[0,1.333,0],"ti":[0,0,0]},{"i":{"x":0.29,"y":1},"o":{"x":0.71,"y":0},"t":30,"s":[225,148,0],"to":[0,0,0],"ti":[0,1.333,0]},{"i":{"x":0.29,"y":0.29},"o":{"x":0.167,"y":0.167},"t":35,"s":[225,140,0],"to":[0,0,0],"ti":[0,0,0]},{"i":{"x":0.29,"y":1},"o":{"x":0.71,"y":0},"t":47,"s":[225,140,0],"to":[0,1.333,0],"ti":[0,0,0]},{"i":{"x":0.29,"y":1},"o":{"x":0.71,"y":0},"t":52,"s":[225,148,0],"to":[0,0,0],"ti":[0,1.333,0]},{"i":{"x":0.29,"y":0.29},"o":{"x":0.167,"y":0.167},"t":57,"s":[225,140,0],"to":[0,0,0],"ti":[0,0,0]},{"i":{"x":0.29,"y":1},"o":{"x":0.71,"y":0},"t":66,"s":[225,140,0],"to":[0,1.333,0],"ti":[0,0,0]},{"i":{"x":0.29,"y":1},"o":{"x":0.71,"y":0},"t":71,"s":[225,148,0],"to":[0,0,0],"ti":[0,1.333,0]},{"i":{"x":0.29,"y":0.29},"o":{"x":0.167,"y":0.167},"t":76,"s":[225,140,0],"to":[0,0,0],"ti":[0,0,0]},{"i":{"x":0.29,"y":1},"o":{"x":0.71,"y":0},"t":79,"s":[225,140,0],"to":[0,1.333,0],"ti":[0,0,0]},{"i":{"x":0.29,"y":1},"o":{"x":0.71,"y":0},"t":84,"s":[225,148,0],"to":[0,0,0],"ti":[0,1.333,0]},{"i":{"x":0.29,"y":0.29},"o":{"x":0.167,"y":0.167},"t":89,"s":[225,140,0],"to":[0,0,0],"ti":[0,0,0]},{"i":{"x":0.29,"y":1},"o":{"x":0.71,"y":0},"t":92,"s":[225,140,0],"to":[0,1.333,0],"ti":[0,0,0]},{"i":{"x":0.29,"y":1},"o":{"x":0.71,"y":0},"t":97,"s":[225,148,0],"to":[0,0,0],"ti":[0,1.333,0]},{"t":102,"s":[225,140,0]}],"ix":2},"a":{"a":0,"k":[0,0,0],"ix":1},"s":{"a":0,"k":[100,100,100],"ix":6}},"ao":0,"ip":0,"op":301,"st":0,"bm":0},{"ddd":0,"ind":7,"ty":4,"nm":"N","parent":6,"sr":1,"ks":{"o":{"a":0,"k":100,"ix":11},"r":{"a":0,"k":0,"ix":10},"p":{"a":1,"k":[{"i":{"x":0.3,"y":1},"o":{"x":0.7,"y":0},"t":92,"s":[67.041,-0.375,0],"to":[0,1.15,0],"ti":[0,0,0]},{"i":{"x":0.3,"y":1},"o":{"x":0.7,"y":0},"t":97,"s":[67.041,6.525,0],"to":[0,0,0],"ti":[0,1.15,0]},{"t":102,"s":[67.041,-0.375,0]}],"ix":2},"a":{"a":0,"k":[-335.231,-27.471,0],"ix":1},"s":{"a":0,"k":[62.1,62.1,100],"ix":6}},"ao":0,"shapes":[{"ty":"gr","it":[{"ind":0,"ty":"sh","ix":1,"ks":{"a":0,"k":{"i":[[0,0],[0,0],[0,0],[0,0],[-4.931,0],[-1.627,-1.677],[0,-3.723],[0,0],[0,0],[0,0],[3.404,4.109],[6.976,0],[4.729,-5.903],[0,0]],"o":[[0,0],[0,0],[0,0],[2.482,-4.192],[3.79,0],[1.626,1.678],[0,0],[0,0],[0,0],[-0.101,-8.151],[-3.405,-4.108],[-7.916,0],[0,0],[0,0]],"v":[[-363.683,-59.822],[-363.683,6.088],[-346.074,6.088],[-346.074,-40.401],[-334.955,-46.69],[-326.829,-44.174],[-324.389,-36.074],[-324.389,6.088],[-306.78,6.088],[-306.78,-36.477],[-312.037,-54.866],[-327.609,-61.029],[-346.577,-52.174],[-347.13,-59.822]],"c":true},"ix":2},"nm":"n","mn":"ADBE Vector Shape - Group","hd":false},{"ty":"fl","c":{"a":1,"k":[{"i":{"x":[0.3],"y":[1]},"o":{"x":[0.7],"y":[0]},"t":92,"s":[0,0,0,1]},{"i":{"x":[0.3],"y":[1]},"o":{"x":[0.167],"y":[0]},"t":97,"s":[0.282352954149,0.568627476692,1,1]},{"i":{"x":[0.3],"y":[1]},"o":{"x":[0.167],"y":[0]},"t":102,"s":[0.282352954149,0.568627476692,1,1]},{"t":107,"s":[0,0,0,1]}],"ix":4},"o":{"a":0,"k":100,"ix":5},"r":1,"bm":0,"nm":"Fill 1","mn":"ADBE Vector Graphic - Fill","hd":false},{"ty":"tr","p":{"a":0,"k":[0,0],"ix":2},"a":{"a":0,"k":[0,0],"ix":1},"s":{"a":0,"k":[100,100],"ix":3},"r":{"a":0,"k":0,"ix":6},"o":{"a":0,"k":100,"ix":7},"sk":{"a":0,"k":0,"ix":4},"sa":{"a":0,"k":0,"ix":5},"nm":"Transform"}],"nm":"n","np":3,"cix":2,"bm":0,"ix":1,"mn":"ADBE Vector Group","hd":false}],"ip":0,"op":301,"st":0,"bm":0},{"ddd":0,"ind":8,"ty":4,"nm":"R","parent":6,"sr":1,"ks":{"o":{"a":0,"k":100,"ix":11},"r":{"a":0,"k":0,"ix":10},"p":{"a":1,"k":[{"i":{"x":0.3,"y":1},"o":{"x":0.7,"y":0},"t":79,"s":[34.723,-0.375,0],"to":[0,1.207,0],"ti":[0,0,0]},{"i":{"x":0.3,"y":1},"o":{"x":0.7,"y":0},"t":84,"s":[34.723,6.87,0],"to":[0,0,0],"ti":[0,1.207,0]},{"t":89,"s":[34.723,-0.375,0]}],"ix":2},"a":{"a":0,"k":[-387.272,-27.471,0],"ix":1},"s":{"a":0,"k":[62.1,62.1,100],"ix":6}},"ao":0,"shapes":[{"ty":"gr","it":[{"ind":0,"ty":"sh","ix":1,"ks":{"a":0,"k":{"i":[[0,0],[1.945,0],[3.522,-6.038],[0,0],[0,0],[0,0],[0,0],[0,0],[-6.641,0],[-2.382,-0.302]],"o":[[-1.711,-0.536],[-6.239,0],[0,0],[0,0],[0,0],[0,0],[0,0],[2.079,-4.494],[1.844,0],[0,0]],"v":[[-368.632,-60.224],[-374.116,-61.029],[-388.757,-51.973],[-389.26,-59.822],[-405.913,-59.822],[-405.913,6.088],[-388.304,6.088],[-388.304,-37.03],[-375.222,-43.772],[-368.883,-43.319]],"c":true},"ix":2},"nm":"r","mn":"ADBE Vector Shape - Group","hd":false},{"ty":"fl","c":{"a":1,"k":[{"i":{"x":[0.3],"y":[1]},"o":{"x":[0.7],"y":[0]},"t":79,"s":[0,0,0,1]},{"i":{"x":[0.3],"y":[1]},"o":{"x":[0.167],"y":[0]},"t":84,"s":[0.282352954149,0.568627476692,1,1]},{"i":{"x":[0.3],"y":[1]},"o":{"x":[0.167],"y":[0]},"t":89,"s":[0.282352954149,0.568627476692,1,1]},{"t":94,"s":[0,0,0,1]}],"ix":4},"o":{"a":0,"k":100,"ix":5},"r":1,"bm":0,"nm":"Fill 1","mn":"ADBE Vector Graphic - Fill","hd":false},{"ty":"tr","p":{"a":0,"k":[0,0],"ix":2},"a":{"a":0,"k":[0,0],"ix":1},"s":{"a":0,"k":[100,100],"ix":3},"r":{"a":0,"k":0,"ix":6},"o":{"a":0,"k":100,"ix":7},"sk":{"a":0,"k":0,"ix":4},"sa":{"a":0,"k":0,"ix":5},"nm":"Transform"}],"nm":"r","np":3,"cix":2,"bm":0,"ix":1,"mn":"ADBE Vector Group","hd":false}],"ip":0,"op":301,"st":0,"bm":0},{"ddd":0,"ind":9,"ty":4,"nm":"A","parent":6,"sr":1,"ks":{"o":{"a":0,"k":100,"ix":11},"r":{"a":0,"k":0,"ix":10},"p":{"a":1,"k":[{"i":{"x":0.3,"y":1},"o":{"x":0.7,"y":0},"t":66,"s":[0,0,0],"to":[0,1.035,0],"ti":[0,0,0]},{"i":{"x":0.3,"y":1},"o":{"x":0.7,"y":0},"t":71,"s":[0,6.21,0],"to":[0,0,0],"ti":[0,1.035,0]},{"t":76,"s":[0,0,0]}],"ix":2},"a":{"a":0,"k":[-443.187,-26.867,0],"ix":1},"s":{"a":0,"k":[62.1,62.1,100],"ix":6}},"ao":0,"sy":[{"bm":{"a":0,"k":1,"ix":1},"c":{"a":0,"k":[0,0,0,1],"ix":2},"so":{"a":0,"k":100,"ix":3},"ty":7,"nm":"Color Overlay"}],"shapes":[{"ty":"gr","it":[{"ind":0,"ty":"sh","ix":1,"ks":{"a":0,"k":{"i":[[0,0],[0,0],[0.033,6.273],[0,0],[4.78,4.075],[8.117,0],[4.293,-1.844],[2.365,-3.253],[0,-3.824],[0,0],[-1.694,1.426],[-2.952,0],[-1.56,-1.828],[0,-3.052],[0,0],[0,0],[5.182,-3.74],[0,-6.976],[-4.244,-3.723],[-6.474,0],[-4.26,4.729],[-0.805,-1.577]],"o":[[0,0],[-1.711,-3.187],[0,0],[0,-7.412],[-4.78,-4.075],[-5.367,0],[-4.294,1.845],[-2.365,3.254],[0,0],[0,-2.482],[1.693,-1.425],[3.387,0],[1.56,1.829],[0,0],[0,0],[-9.794,0.034],[-5.182,3.74],[0,5.703],[4.243,3.723],[6.809,0],[0.369,2.347],[0,0]],"v":[[-413.88,6.088],[-413.88,5.031],[-416.497,-9.157],[-416.497,-37.684],[-423.666,-54.916],[-443.011,-61.029],[-457.501,-58.262],[-467.488,-50.614],[-471.035,-39.998],[-453.426,-39.998],[-450.885,-45.86],[-443.917,-47.998],[-436.496,-45.256],[-434.156,-37.936],[-434.156,-34.162],[-442.257,-34.162],[-464.721,-28.502],[-472.494,-12.427],[-466.13,1.711],[-450.055,7.295],[-433.452,0.201],[-431.691,6.088]],"c":true},"ix":2},"nm":"a","mn":"ADBE Vector Shape - Group","hd":false},{"ind":1,"ty":"sh","ix":2,"ks":{"a":0,"k":{"i":[[1.542,1.426],[0,2.181],[0,0],[-8.822,0],[0,0],[0,0],[2.18,-1.157],[2.616,0]],"o":[[-1.543,-1.425],[0,0],[0.57,-6.104],[0,0],[0,0],[-1.074,1.946],[-2.181,1.157],[-2.684,0]],"v":[[-452.571,-8.276],[-454.885,-13.685],[-454.835,-14.742],[-440.747,-23.898],[-434.156,-23.898],[-434.156,-12.528],[-439.037,-7.874],[-446.231,-6.138]],"c":true},"ix":2},"nm":"a","mn":"ADBE Vector Shape - Group","hd":false},{"ty":"mm","mm":1,"nm":"Merge Paths 1","mn":"ADBE Vector Filter - Merge","hd":false},{"ty":"fl","c":{"a":1,"k":[{"i":{"x":[0.3],"y":[1]},"o":{"x":[0.7],"y":[0]},"t":66,"s":[0,0,0,1]},{"i":{"x":[0.3],"y":[1]},"o":{"x":[0.167],"y":[0]},"t":71,"s":[0.282352954149,0.568627476692,1,1]},{"i":{"x":[0.3],"y":[1]},"o":{"x":[0.167],"y":[0]},"t":76,"s":[0.282352954149,0.568627476692,1,1]},{"t":81,"s":[0,0,0,1]}],"ix":4},"o":{"a":0,"k":100,"ix":5},"r":1,"bm":0,"nm":"Fill 1","mn":"ADBE Vector Graphic - Fill","hd":false},{"ty":"tr","p":{"a":0,"k":[0,0],"ix":2},"a":{"a":0,"k":[0,0],"ix":1},"s":{"a":0,"k":[100,100],"ix":3},"r":{"a":0,"k":0,"ix":6},"o":{"a":0,"k":100,"ix":7},"sk":{"a":0,"k":0,"ix":4},"sa":{"a":0,"k":0,"ix":5},"nm":"Transform"}],"nm":"a","np":5,"cix":2,"bm":0,"ix":1,"mn":"ADBE Vector Group","hd":false}],"ip":0,"op":301,"st":0,"bm":0},{"ddd":0,"ind":10,"ty":4,"nm":"E","parent":6,"sr":1,"ks":{"o":{"a":0,"k":100,"ix":11},"r":{"a":0,"k":0,"ix":10},"p":{"a":1,"k":[{"i":{"x":0.3,"y":1},"o":{"x":0.7,"y":0},"t":47,"s":[-39.536,0,0],"to":[0,1.035,0],"ti":[0,0,0]},{"i":{"x":0.3,"y":1},"o":{"x":0.7,"y":0},"t":52,"s":[-39.536,6.21,0],"to":[0,0,0],"ti":[0,1.035,0]},{"t":57,"s":[-39.536,0,0]}],"ix":2},"a":{"a":0,"k":[-506.852,-26.867,0],"ix":1},"s":{"a":0,"k":[62.1,62.1,100],"ix":6}},"ao":0,"shapes":[{"ty":"gr","it":[{"ind":0,"ty":"sh","ix":1,"ks":{"a":0,"k":{"i":[[-4.495,2.079],[-2.65,3.757],[0,0],[6.775,0],[2.851,2.6],[0.57,4.294],[0,0],[0,0],[5.182,5.685],[9.022,0],[4.679,-2.818],[2.566,-5.215],[0,-6.641],[0,0],[-6.071,-5.92],[-9.66,0]],"o":[[4.494,-2.08],[0,0],[-3.824,4.898],[-4.394,0],[-2.851,-2.599],[0,0],[0,0],[0,-10.431],[-5.182,-5.685],[-6.004,0],[-4.679,2.818],[-2.566,5.216],[0,0],[0,9.861],[6.07,5.92],[5.501,0]],"v":[[-489.067,4.176],[-478.35,-4.578],[-487.004,-14.238],[-502.903,-6.893],[-513.77,-10.792],[-518.902,-21.131],[-476.941,-21.131],[-476.941,-28.326],[-484.715,-52.501],[-506.022,-61.029],[-522.047,-56.803],[-532.914,-44.753],[-536.763,-26.967],[-536.763,-25.257],[-527.656,-1.585],[-504.06,7.295]],"c":true},"ix":2},"nm":"e","mn":"ADBE Vector Shape - Group","hd":false},{"ind":1,"ty":"sh","ix":2,"ks":{"a":0,"k":{"i":[[-2.03,-2.13],[-0.068,-3.924],[0,0],[0,0],[-2.163,2.365],[-3.489,0]],"o":[[2.029,2.13],[0,0],[0,0],[0.637,-4.36],[2.163,-2.365],[3.756,0]],"v":[[-497.394,-43.596],[-494.249,-34.514],[-494.249,-33.156],[-518.751,-33.156],[-514.55,-43.244],[-506.072,-46.791]],"c":true},"ix":2},"nm":"e","mn":"ADBE Vector Shape - Group","hd":false},{"ty":"mm","mm":1,"nm":"Merge Paths 1","mn":"ADBE Vector Filter - Merge","hd":false},{"ty":"fl","c":{"a":1,"k":[{"i":{"x":[0.3],"y":[1]},"o":{"x":[0.7],"y":[0]},"t":47,"s":[0,0,0,1]},{"i":{"x":[0.3],"y":[1]},"o":{"x":[0.167],"y":[0]},"t":52,"s":[0.282352954149,0.568627476692,1,1]},{"i":{"x":[0.833],"y":[1]},"o":{"x":[0.167],"y":[0]},"t":56,"s":[0.282352954149,0.568627476692,1,1]},{"t":61,"s":[0,0,0,1]}],"ix":4},"o":{"a":0,"k":100,"ix":5},"r":1,"bm":0,"nm":"Fill 1","mn":"ADBE Vector Graphic - Fill","hd":false},{"ty":"tr","p":{"a":0,"k":[0,0],"ix":2},"a":{"a":0,"k":[0,0],"ix":1},"s":{"a":0,"k":[100,100],"ix":3},"r":{"a":0,"k":0,"ix":6},"o":{"a":0,"k":100,"ix":7},"sk":{"a":0,"k":0,"ix":4},"sa":{"a":0,"k":0,"ix":5},"nm":"Transform"}],"nm":"e","np":5,"cix":2,"bm":0,"ix":1,"mn":"ADBE Vector Group","hd":false}],"ip":0,"op":301,"st":0,"bm":0},{"ddd":0,"ind":11,"ty":4,"nm":"L","parent":6,"sr":1,"ks":{"o":{"a":0,"k":100,"ix":11},"r":{"a":0,"k":0,"ix":10},"p":{"a":1,"k":[{"i":{"x":0.32,"y":1},"o":{"x":0.68,"y":0},"t":24.5,"s":[-78.322,-7.061,0],"to":[0,1.15,0],"ti":[0,0,0]},{"i":{"x":0.32,"y":1},"o":{"x":0.68,"y":0},"t":30,"s":[-78.322,-0.161,0],"to":[0,0,0],"ti":[0,1.15,0]},{"t":35.5,"s":[-78.322,-7.061,0]}],"ix":2},"a":{"a":0,"k":[-569.31,-38.237,0],"ix":1},"s":{"a":0,"k":[62.1,62.1,100],"ix":6}},"ao":0,"shapes":[{"ty":"gr","it":[{"ind":0,"ty":"sh","ix":1,"ks":{"a":0,"k":{"i":[[0,0],[0,0],[0,0],[0,0],[0,0],[0,0]],"o":[[0,0],[0,0],[0,0],[0,0],[0,0],[0,0]],"v":[[-579.548,-82.563],[-597.862,-82.563],[-597.862,6.088],[-540.758,6.088],[-540.758,-8.603],[-579.548,-8.603]],"c":true},"ix":2},"nm":"L","mn":"ADBE Vector Shape - Group","hd":false},{"ty":"fl","c":{"a":1,"k":[{"i":{"x":[0.3],"y":[1]},"o":{"x":[0.7],"y":[0]},"t":24,"s":[0,0,0,1]},{"i":{"x":[0.3],"y":[1]},"o":{"x":[0.7],"y":[0]},"t":30,"s":[0.282352954149,0.568627476692,1,1]},{"i":{"x":[0.3],"y":[1]},"o":{"x":[0.167],"y":[0]},"t":34,"s":[0.282352954149,0.568627476692,1,1]},{"t":39,"s":[0,0,0,1]}],"ix":4},"o":{"a":0,"k":100,"ix":5},"r":1,"bm":0,"nm":"Fill 1","mn":"ADBE Vector Graphic - Fill","hd":false},{"ty":"tr","p":{"a":0,"k":[0,0],"ix":2},"a":{"a":0,"k":[0,0],"ix":1},"s":{"a":0,"k":[100,100],"ix":3},"r":{"a":0,"k":0,"ix":6},"o":{"a":0,"k":100,"ix":7},"sk":{"a":0,"k":0,"ix":4},"sa":{"a":0,"k":0,"ix":5},"nm":"Transform"}],"nm":"L","np":3,"cix":2,"bm":0,"ix":1,"mn":"ADBE Vector Group","hd":false}],"ip":0,"op":301,"st":0,"bm":0}],"markers":[]}